index	scene	spawn	music	title	fadein	fadeout
0x0000	0	0	stop	on	2	2
0x0001	0	0	stop	on	2	2
0x0002	0	0	stop	on	2	2
0x0003	0	0	stop	on	2	2
0x0004	1	0	stop	on	2	2
0x0005	1	0	stop	on	2	2
0x0006	1	0	stop	on	2	2
0x0007	1	0	stop	on	2	2
0x0008	B	0	stop	on	2	2
0x0009	B	0	stop	on	2	2
0x000A	B	0	stop	on	2	2
0x000B	B	0	stop	on	2	2
0x000C	14	0	go	on	2	2
0x000D	14	0	go	on	2	2
0x000E	14	0	go	on	2	2
0x000F	14	0	go	on	2	2
0x0010	5	0	stop	on	2	2
0x0011	5	0	stop	on	2	2
0x0012	5	0	stop	on	2	2
0x0013	5	0	stop	on	2	2
0x0014	6E	0	stop	on	2	2
0x0015	6E	0	stop	on	2	2
0x0016	6E	0	stop	on	2	2
0x0017	6E	0	stop	on	2	2
0x0018	6C	0	stop	on	2	2
0x0019	6C	0	stop	on	2	2
0x001A	6C	0	stop	on	2	2
0x001B	6C	0	stop	on	2	2
0x001C	68	0	stop	on	2	2
0x001D	68	0	stop	on	2	2
0x001E	68	0	stop	on	2	2
0x001F	68	0	stop	on	2	2
0x0020	69	0	stop	on	2	2
0x0021	69	0	stop	on	2	2
0x0022	69	0	stop	on	2	2
0x0023	69	0	stop	on	2	2
0x0024	6D	0	stop	on	2	2
0x0025	6D	0	stop	on	2	2
0x0026	6D	0	stop	on	2	2
0x0027	6D	0	stop	on	2	2
0x0028	2	0	stop	on	2	2
0x0029	2	0	stop	on	2	2
0x002A	2	0	stop	on	2	2
0x002B	2	0	stop	on	2	2
0x002C	2	0	stop	on	2	2
0x002D	41	0	stop	on	2	38
0x002E	41	0	stop	on	2	38
0x002F	41	0	stop	on	2	38
0x0030	41	0	stop	on	2	38
0x0031	41	0	stop	on	2	2
0x0032	41	0	stop	on	2	2
0x0033	1B	0	go	on	3	3
0x0034	1C	0	go	on	2	2
0x0035	1D	0	go	on	3	3
0x0036	1D	0	go	on	2	2
0x0037	7	0	stop	on	2	2
0x0038	7	0	stop	on	2	2
0x0039	7	0	stop	on	2	2
0x003A	7	0	stop	on	2	2
0x003B	42	0	stop	on	4	32
0x003C	42	0	stop	on	4	32
0x003D	42	0	stop	on	4	32
0x003E	42	0	stop	on	4	32
0x003F	3E	0	stop	on	2	2
0x0040	3E	0	stop	on	2	2
0x0041	3E	0	stop	on	2	2
0x0042	3E	0	stop	on	2	2
0x0043	38	0	stop	on	4	32
0x0044	38	0	stop	on	4	32
0x0045	38	0	stop	on	4	32
0x0046	38	0	stop	on	4	32
0x0047	6A	0	stop	on	2	2
0x0048	6A	0	stop	on	2	2
0x0049	6A	0	stop	on	2	2
0x004A	6A	0	stop	on	2	2
0x004B	40	0	stop	on	2	38
0x004C	40	0	stop	on	2	38
0x004D	40	0	stop	on	2	38
0x004E	40	0	stop	on	2	38
0x004F	4C	0	stop	on	4	32
0x0050	4C	0	stop	on	4	32
0x0051	4C	0	stop	on	4	32
0x0052	4C	0	stop	on	4	32
0x0053	43	0	stop	on	2	2
0x0054	43	0	stop	on	2	2
0x0055	43	0	stop	on	2	2
0x0056	43	0	stop	on	2	2
0x0057	43	0	stop	on	2	2
0x0058	43	0	stop	on	2	2
0x0059	43	0	stop	on	2	2
0x005A	43	0	stop	on	2	2
0x005B	43	0	stop	on	2	2
0x005C	43	0	stop	on	2	2
0x005D	43	0	stop	on	2	2
0x005E	43	0	stop	on	11	11
0x005F	43	0	stop	on	2	2
0x0060	43	0	stop	on	2	2
0x0061	43	0	stop	on	2	2
0x0062	43	0	stop	on	2	2
0x0063	10	0	stop	on	4	32
0x0064	10	0	stop	on	4	32
0x0065	10	0	stop	on	4	32
0x0066	10	0	stop	on	4	32
0x0067	1E	3	go	on	3	3
0x0068	1F	3	go	on	2	2
0x0069	1E	3	go	on	2	2
0x006A	1F	3	go	on	2	2
0x006B	44	0	stop	on	7	7
0x006C	44	0	stop	on	7	7
0x006D	44	0	stop	on	7	7
0x006E	44	0	stop	on	7	7
0x006F	44	0	stop	on	13	2
0x0070	44	0	stop	on	13	2
0x0071	44	0	stop	on	3	3
0x0072	4E	0	stop	on	4	32
0x0073	4E	0	stop	on	4	32
0x0074	4E	0	stop	on	4	32
0x0075	4E	0	stop	on	4	32
0x0076	6B	0	stop	on	34	34
0x0077	6B	0	stop	on	34	34
0x0078	6B	0	stop	on	34	34
0x0079	6B	0	stop	on	34	34
0x007A	45	0	stop	on	34	4
0x007B	46	0	stop	on	34	4
0x007C	45	0	stop	on	34	4
0x007D	46	0	stop	on	34	4
0x007E	4D	0	stop	on	2	2
0x007F	4D	0	stop	on	2	2
0x0080	4D	0	stop	on	2	2
0x0081	4D	0	stop	on	2	2
0x0082	6	0	stop	on	2	2
0x0083	6	0	stop	on	2	2
0x0084	6	0	stop	on	2	2
0x0085	6	0	stop	on	2	2
0x0086	6	0	stop	on	2	2
0x0087	6	0	stop	on	2	2
0x0088	9	0	stop	on	2	2
0x0089	9	0	stop	on	2	2
0x008A	9	0	stop	on	2	2
0x008B	9	0	stop	on	2	2
0x008C	9	0	stop	on	2	2
0x008D	17	0	go	on	2	2
0x008E	17	0	go	on	2	2
0x008F	17	0	go	on	2	2
0x0090	17	0	go	on	2	2
0x0091	17	0	stop	on	2	2
0x0092	17	0	stop	on	2	2
0x0093	17	0	stop	on	2	2
0x0094	65	0	stop	on	2	2
0x0095	65	0	stop	on	2	2
0x0096	65	0	stop	on	2	2
0x0097	65	0	stop	on	2	2
0x0098	8	0	stop	on	4	4
0x0099	8	0	stop	on	4	4
0x009A	8	0	stop	on	4	4
0x009B	8	0	stop	on	4	4
0x009C	27	0	stop	on	4	4
0x009D	27	0	stop	on	4	4
0x009E	27	0	stop	on	4	4
0x009F	27	0	stop	on	4	4
0x00A0	47	0	stop	on	3	3
0x00A1	47	0	stop	on	3	3
0x00A2	47	0	stop	on	3	3
0x00A3	47	0	stop	on	3	3
0x00A4	47	0	stop	on	10	10
0x00A5	47	0	stop	on	2	10
0x00A6	47	0	go	on	10	10
0x00A7	47	0	stop	on	11	11
0x00A8	47	0	stop	on	3	3
0x00A9	47	0	stop	on	2	2
0x00AA	47	0	stop	on	2	2
0x00AB	47	0	stop	on	3	3
0x00AC	47	0	stop	on	3	3
0x00AD	1E	0	go	on	3	3
0x00AE	1F	0	go	on	2	2
0x00AF	1E	0	go	on	2	2
0x00B0	1F	0	go	on	2	2
0x00B1	20	0	go	on	3	3
0x00B2	21	0	go	on	2	2
0x00B3	22	0	go	on	2	2
0x00B4	22	0	go	on	2	2
0x00B5	20	0	stop	on	8	8
0x00B6	67	0	stop	on	2	2
0x00B7	2C	0	stop	on	4	32
0x00B8	2C	0	stop	on	4	32
0x00B9	2C	0	stop	on	4	32
0x00BA	2C	0	stop	on	4	32
0x00BB	34	0	stop	on	4	4
0x00BC	34	0	stop	on	4	4
0x00BD	34	0	stop	on	4	4
0x00BE	34	0	stop	on	4	4
0x00BF	34	0	stop	on	4	2
0x00C0	34	0	stop	on	16	16
0x00C1	2D	0	stop	on	4	4
0x00C2	2D	0	stop	on	4	4
0x00C3	2D	0	stop	on	4	4
0x00C4	2D	0	stop	on	4	4
0x00C5	1	1	go	off	2	2
0x00C6	1	1	go	off	2	2
0x00C7	1	1	go	off	2	2
0x00C8	1	1	go	off	2	2
0x00C9	26	0	stop	on	4	4
0x00CA	26	0	stop	on	4	4
0x00CB	26	0	stop	on	4	4
0x00CC	26	0	stop	on	4	4
0x00CD	51	0	stop	on	3	3
0x00CE	51	0	stop	on	2	2
0x00CF	51	0	stop	on	3	3
0x00D0	51	0	stop	on	2	2
0x00D1	51	0	stop	on	4	2
0x00D2	51	0	stop	on	33	33
0x00D3	51	0	stop	on	33	33
0x00D4	51	0	stop	on	35	35
0x00D5	51	0	stop	on	3	3
0x00D6	51	0	go	on	2	2
0x00D7	51	0	stop	on	35	35
0x00D8	51	0	stop	on	3	3
0x00D9	51	0	stop	on	41	41
0x00DA	51	0	go	on	3	3
0x00DB	52	0	stop	on	3	3
0x00DC	52	0	stop	on	2	2
0x00DD	52	0	stop	on	3	3
0x00DE	52	0	stop	on	2	2
0x00DF	52	0	stop	on	38	38
0x00E0	52	0	stop	on	33	33
0x00E1	52	0	go	on	33	33
0x00E2	52	0	stop	on	33	33
0x00E3	52	0	go	on	2	2
0x00E4	53	0	stop	on	3	3
0x00E5	53	0	stop	on	2	2
0x00E6	53	0	stop	on	3	3
0x00E7	53	0	stop	on	2	2
0x00E8	53	0	stop	on	4	2
0x00E9	53	0	go	on	2	2
0x00EA	54	0	go	on	3	3
0x00EB	54	0	go	on	2	2
0x00EC	54	0	go	on	3	3
0x00ED	54	0	go	on	2	2
0x00EE	55	0	stop	on	3	3
0x00EF	55	0	stop	on	2	2
0x00F0	55	0	stop	on	3	3
0x00F1	55	0	stop	on	2	2
0x00F2	55	0	go	on	10	10
0x00F3	55	0	stop	on	10	10
0x00F4	55	0	go	on	10	10
0x00F5	55	0	stop	on	13	10
0x00F6	55	0	stop	on	10	10
0x00F7	55	0	stop	on	10	10
0x00F8	55	0	go	on	2	2
0x00F9	55	0	go	on	2	2
0x00FA	55	0	go	on	2	2
0x00FB	55	0	go	on	2	2
0x00FC	56	0	go	on	2	2
0x00FD	56	0	go	on	2	2
0x00FE	56	0	go	on	2	2
0x00FF	56	0	go	on	2	2
0x0100	56	0	stop	on	3	3
0x0101	56	0	stop	on	0	0
0x0102	57	0	go	on	3	3
0x0103	57	0	go	on	2	2
0x0104	57	0	go	on	3	3
0x0105	57	0	go	on	2	2
0x0106	57	0	stop	on	3	3
0x0107	57	0	go	on	2	2
0x0108	58	0	stop	on	2	2
0x0109	58	0	stop	on	2	2
0x010A	58	0	stop	on	2	2
0x010B	58	0	stop	on	2	2
0x010C	58	0	go	on	2	2
0x010D	58	0	go	on	2	2
0x010E	59	0	stop	on	3	3
0x010F	59	0	stop	on	2	2
0x0110	59	0	stop	on	3	3
0x0111	59	0	stop	on	2	2
0x0112	59	0	stop	on	13	0
0x0113	59	0	stop	on	2	2
0x0114	59	0	go	on	2	2
0x0115	59	0	stop	on	2	2
0x0116	59	0	go	on	2	2
0x0117	5A	0	stop	on	3	3
0x0118	5A	0	stop	on	2	2
0x0119	5A	0	stop	on	3	3
0x011A	5A	0	stop	on	2	2
0x011B	5A	0	go	on	12	10
0x011C	5A	0	go	on	10	10
0x011D	5A	0	go	on	2	2
0x011E	5B	0	stop	on	2	2
0x011F	5B	0	stop	on	2	2
0x0120	5B	0	stop	on	2	2
0x0121	5B	0	stop	on	2	2
0x0122	5B	0	stop	on	2	2
0x0123	5C	0	go	on	15	15
0x0124	5C	0	go	on	15	15
0x0125	5C	0	go	on	15	15
0x0126	5C	0	go	on	15	15
0x0127	5C	0	go	on	2	2
0x0128	5C	0	go	on	15	15
0x0129	5D	0	go	on	3	3
0x012A	5D	0	go	on	2	2
0x012B	5D	0	go	on	3	3
0x012C	5D	0	go	on	2	2
0x012D	5D	0	go	on	33	33
0x012E	5D	0	go	on	2	2
0x012F	5D	0	go	on	2	2
0x0130	5E	0	go	on	14	14
0x0131	5E	0	go	on	14	14
0x0132	5E	0	go	on	14	14
0x0133	5E	0	go	on	14	14
0x0134	E	1	go	on	2	2
0x0135	E	1	go	on	2	2
0x0136	E	1	go	on	2	2
0x0137	E	1	go	on	2	2
0x0138	5F	0	stop	on	3	3
0x0139	5F	0	stop	on	2	2
0x013A	64	0	stop	on	2	2
0x013B	64	0	stop	on	2	2
0x013C	64	0	stop	on	4	2
0x013D	60	0	stop	on	3	3
0x013E	60	0	stop	on	2	2
0x013F	60	0	stop	on	3	3
0x0140	60	0	stop	on	2	2
0x0141	60	0	go	on	10	10
0x0142	60	0	stop	on	3	3
0x0143	60	0	stop	on	2	2
0x0144	60	0	go	on	2	2
0x0145	60	0	go	on	3	3
0x0146	60	0	go	on	3	3
0x0147	61	0	stop	on	2	2
0x0148	61	0	stop	on	2	2
0x0149	61	0	stop	on	2	2
0x014A	61	0	stop	on	2	2
0x014B	61	0	stop	on	3	3
0x014C	61	0	stop	on	2	2
0x014D	62	0	stop	on	2	2
0x014E	62	0	stop	on	2	2
0x014F	62	0	stop	on	2	2
0x0150	62	0	stop	on	2	2
0x0151	62	0	stop	on	2	2
0x0152	62	0	go	on	2	2
0x0153	58	3	stop	on	0	0
0x0154	58	3	stop	on	0	0
0x0155	58	3	stop	on	0	0
0x0156	58	3	stop	on	0	0
0x0157	63	0	stop	on	3	3
0x0158	63	0	stop	on	2	2
0x0159	63	0	stop	on	3	3
0x015A	63	0	stop	on	2	2
0x015B	63	0	stop	on	32	32
0x015C	63	0	stop	on	42	42
0x015D	63	0	go	on	2	2
0x015E	63	0	go	on	2	2
0x015F	63	0	go	on	2	2
0x0160	63	0	go	on	2	2
0x0161	63	0	go	on	2	2
0x0162	63	0	go	on	2	2
0x0163	63	0	go	on	2	2
0x0164	63	0	go	on	2	2
0x0165	4	0	stop	on	2	2
0x0166	4	0	stop	on	2	2
0x0167	4	0	stop	on	2	2
0x0168	4	0	stop	on	2	2
0x0169	3	0	stop	on	2	2
0x016A	3	0	stop	on	2	2
0x016B	3	0	stop	on	2	2
0x016C	3	0	stop	on	2	2
0x016D	42	1	stop	on	4	32
0x016E	42	1	stop	on	4	32
0x016F	42	1	stop	on	4	32
0x0170	42	1	stop	on	4	32
0x0171	23	0	stop	on	3	3
0x0172	24	0	stop	on	2	2
0x0173	25	0	stop	on	2	2
0x0174	25	0	stop	on	2	2
0x0175	4	1	go	on	2	2
0x0176	4	1	go	on	2	2
0x0177	4	1	go	on	2	2
0x0178	4	1	go	on	2	2
0x0179	E	0	go	on	2	2
0x017A	E	0	go	on	2	2
0x017B	E	0	go	on	2	2
0x017C	E	0	go	on	2	2
0x017D	51	1	stop	on	3	3
0x017E	51	1	stop	on	2	2
0x017F	51	1	stop	on	3	3
0x0180	51	1	stop	on	2	2
0x0181	51	2	go	on	3	3
0x0182	51	2	go	on	2	2
0x0183	51	2	go	on	3	3
0x0184	51	2	go	on	2	2
0x0185	51	3	stop	on	2	2
0x0186	51	3	stop	on	2	2
0x0187	51	3	stop	on	2	2
0x0188	51	3	stop	on	2	2
0x0189	51	4	go	on	3	3
0x018A	51	4	go	on	2	2
0x018B	51	4	go	on	3	3
0x018C	51	4	go	on	2	2
0x018D	51	5	stop	on	3	3
0x018E	51	5	stop	on	2	2
0x018F	51	5	stop	on	3	3
0x0190	51	5	stop	on	2	2
0x0191	52	1	stop	on	3	3
0x0192	52	1	stop	on	2	2
0x0193	52	1	stop	on	3	3
0x0194	52	1	stop	on	2	2
0x0195	52	2	stop	on	3	3
0x0196	52	2	stop	on	2	2
0x0197	52	2	stop	on	3	3
0x0198	52	2	stop	on	2	2
0x0199	54	1	go	on	3	3
0x019A	54	1	go	on	3	3
0x019B	54	1	go	on	3	3
0x019C	54	1	go	on	3	3
0x019D	54	2	stop	on	3	3
0x019E	54	2	stop	on	2	2
0x019F	54	2	stop	on	3	3
0x01A0	54	2	stop	on	2	2
0x01A1	58	1	stop	on	2	2
0x01A2	58	1	stop	on	2	2
0x01A3	58	1	stop	on	2	2
0x01A4	58	1	stop	on	2	2
0x01A5	5A	1	stop	on	3	3
0x01A6	5A	1	stop	on	2	2
0x01A7	5A	1	stop	on	3	3
0x01A8	5A	1	stop	on	2	2
0x01A9	5B	1	go	on	2	2
0x01AA	5B	1	go	on	2	2
0x01AB	5B	1	go	on	2	2
0x01AC	5B	1	go	on	2	2
0x01AD	5B	2	stop	on	2	2
0x01AE	5B	2	stop	on	2	2
0x01AF	5B	2	stop	on	2	2
0x01B0	5B	2	stop	on	2	2
0x01B1	5B	3	stop	on	2	2
0x01B2	5B	3	stop	on	2	2
0x01B3	5B	3	stop	on	2	2
0x01B4	5B	3	stop	on	2	2
0x01B5	E	2	go	on	2	2
0x01B6	E	2	go	on	2	2
0x01B7	E	2	go	on	2	2
0x01B8	E	2	go	on	2	2
0x01B9	60	1	stop	on	3	3
0x01BA	60	1	stop	on	2	2
0x01BB	60	1	stop	on	3	3
0x01BC	60	1	stop	on	2	2
0x01BD	60	2	stop	on	3	3
0x01BE	60	2	stop	on	2	2
0x01BF	60	2	stop	on	3	3
0x01C0	60	2	stop	on	2	2
0x01C1	62	1	stop	on	2	2
0x01C2	62	1	stop	on	2	2
0x01C3	62	1	stop	on	2	2
0x01C4	62	1	stop	on	2	2
0x01C5	38	1	stop	on	4	32
0x01C6	38	1	stop	on	4	32
0x01C7	38	1	stop	on	4	32
0x01C8	38	1	stop	on	4	32
0x01C9	1A	5	go	on	2	2
0x01CA	1A	5	go	on	2	2
0x01CB	1A	5	go	on	2	2
0x01CC	1A	5	go	on	2	2
0x01CD	20	8	stop	on	4	2
0x01CE	21	8	stop	on	4	2
0x01CF	22	8	stop	on	4	2
0x01D0	22	8	stop	on	4	2
0x01D1	20	9	stop	on	4	2
0x01D2	21	9	stop	on	4	2
0x01D3	22	9	stop	on	4	2
0x01D4	22	9	stop	on	4	2
0x01D5	20	10	stop	on	4	2
0x01D6	21	10	stop	on	4	2
0x01D7	22	10	stop	on	4	2
0x01D8	22	10	stop	on	4	2
0x01D9	54	3	go	on	3	3
0x01DA	54	3	go	on	2	2
0x01DB	54	3	go	on	3	3
0x01DC	54	3	go	on	2	2
0x01DD	54	4	stop	on	44	44
0x01DE	54	4	stop	on	44	44
0x01DF	54	4	stop	on	44	44
0x01E0	54	4	stop	on	44	44
0x01E1	5C	1	stop	on	3	3
0x01E2	5C	1	stop	on	2	2
0x01E3	5C	1	stop	on	3	3
0x01E4	5C	1	stop	on	2	2
0x01E5	5C	2	stop	off	3	3
0x01E6	5C	2	stop	off	2	2
0x01E7	5C	2	stop	off	3	3
0x01E8	5C	2	stop	off	2	2
0x01E9	5C	3	stop	off	3	3
0x01EA	5C	3	stop	off	2	2
0x01EB	5C	3	stop	off	3	3
0x01EC	5C	3	stop	off	2	2
0x01ED	5C	4	stop	on	2	2
0x01EE	5C	4	stop	on	2	2
0x01EF	5C	4	stop	on	2	2
0x01F0	5C	4	stop	on	2	2
0x01F1	5C	5	stop	on	3	3
0x01F2	5C	5	stop	on	2	2
0x01F3	5C	5	stop	on	3	3
0x01F4	5C	5	stop	on	2	2
0x01F5	5C	6	go	off	15	15
0x01F6	5C	6	go	off	15	15
0x01F7	5C	6	go	off	15	15
0x01F8	5C	6	go	off	15	15
0x01F9	51	6	stop	on	3	3
0x01FA	51	6	stop	on	2	2
0x01FB	51	6	stop	on	3	3
0x01FC	51	6	stop	on	2	2
0x01FD	51	7	stop	on	3	3
0x01FE	51	7	stop	on	2	2
0x01FF	51	7	stop	on	3	3
0x0200	51	7	stop	on	2	2
0x0201	52	3	stop	on	4	2
0x0202	52	3	stop	on	4	2
0x0203	52	3	stop	on	4	2
0x0204	52	3	stop	on	4	2
0x0205	53	1	stop	on	2	2
0x0206	53	1	stop	on	2	2
0x0207	53	1	stop	on	2	2
0x0208	53	1	stop	on	2	2
0x0209	55	1	stop	on	3	3
0x020A	55	1	stop	on	2	2
0x020B	55	1	stop	on	3	3
0x020C	55	1	stop	on	2	2
0x020D	55	2	stop	on	2	2
0x020E	55	2	stop	on	2	2
0x020F	55	2	stop	on	2	2
0x0210	55	2	stop	on	2	2
0x0211	55	3	stop	on	4	4
0x0212	55	3	stop	on	4	4
0x0213	55	3	stop	on	4	4
0x0214	55	3	stop	on	4	4
0x0215	56	1	stop	on	18	18
0x0216	56	1	stop	on	2	2
0x0217	56	1	stop	on	18	18
0x0218	56	1	stop	on	2	2
0x0219	57	1	stop	on	3	3
0x021A	57	1	stop	on	2	2
0x021B	57	1	stop	on	3	3
0x021C	57	1	stop	on	2	2
0x021D	57	2	stop	on	19	19
0x021E	57	2	stop	on	2	2
0x021F	57	2	stop	on	19	19
0x0220	57	2	stop	on	2	2
0x0221	59	1	stop	on	2	2
0x0222	59	1	stop	on	2	2
0x0223	59	1	stop	on	2	2
0x0224	59	1	stop	on	2	2
0x0225	59	2	stop	on	3	3
0x0226	59	2	stop	on	2	2
0x0227	59	2	stop	on	3	3
0x0228	59	2	stop	on	2	2
0x0229	5A	2	go	on	3	3
0x022A	5A	2	go	on	2	2
0x022B	5A	2	go	on	3	3
0x022C	5A	2	go	on	2	2
0x022D	5A	3	go	on	3	3
0x022E	5A	3	go	on	2	2
0x022F	5A	3	go	on	3	3
0x0230	5A	3	go	on	2	2
0x0231	5D	1	stop	on	3	3
0x0232	5D	1	stop	on	2	2
0x0233	5D	1	stop	on	3	3
0x0234	5D	1	stop	on	2	2
0x0235	5D	2	stop	on	3	3
0x0236	5D	2	stop	on	2	2
0x0237	5D	2	stop	on	3	3
0x0238	5D	2	stop	on	2	2
0x0239	5D	3	stop	on	3	3
0x023A	5D	3	stop	on	2	2
0x023B	5D	3	stop	on	3	3
0x023C	5D	3	stop	on	2	2
0x023D	5F	1	stop	on	3	3
0x023E	5F	1	stop	on	2	2
0x023F	64	1	stop	on	5	5
0x0240	64	1	stop	on	5	5
0x0241	5F	1	stop	on	0	0
0x0242	60	3	stop	on	3	3
0x0243	60	3	stop	on	2	2
0x0244	60	3	stop	on	3	3
0x0245	60	3	stop	on	2	2
0x0246	61	1	stop	on	2	2
0x0247	61	1	stop	on	2	2
0x0248	61	1	stop	on	2	2
0x0249	61	1	stop	on	2	2
0x024A	61	2	stop	on	2	2
0x024B	61	2	stop	on	2	2
0x024C	61	2	stop	on	2	2
0x024D	61	2	stop	on	2	2
0x024E	3	1	go	on	2	2
0x024F	3	1	go	on	2	2
0x0250	3	1	go	on	2	2
0x0251	3	1	go	on	2	2
0x0252	0	1	go	off	2	2
0x0253	0	1	go	off	2	2
0x0254	0	1	go	off	2	2
0x0255	0	1	go	off	2	2
0x0256	E	3	go	on	2	2
0x0257	E	3	go	on	2	2
0x0258	E	3	go	on	2	2
0x0259	E	3	go	on	2	2
0x025A	20	1	stop	on	3	3
0x025B	21	1	stop	on	2	2
0x025C	22	1	stop	on	2	2
0x025D	22	1	stop	on	2	2
0x025E	20	2	stop	on	3	3
0x025F	21	2	stop	on	2	2
0x0260	22	2	stop	on	2	2
0x0261	22	2	stop	on	2	2
0x0262	20	3	go	on	3	3
0x0263	21	3	go	on	2	2
0x0264	22	3	go	on	2	2
0x0265	22	3	go	on	2	2
0x0266	55	4	stop	off	4	4
0x0267	55	4	stop	off	4	4
0x0268	55	4	stop	off	4	4
0x0269	55	4	stop	off	4	4
0x026A	55	5	stop	off	4	4
0x026B	55	5	stop	off	4	4
0x026C	55	5	stop	off	4	4
0x026D	55	5	stop	off	4	4
0x026E	1B	2	stop	off	2	2
0x026F	1C	2	stop	off	2	2
0x0270	1D	2	stop	off	2	2
0x0271	1D	2	stop	off	2	2
0x0272	34	1	stop	on	4	4
0x0273	34	1	stop	on	4	4
0x0274	34	1	stop	on	4	4
0x0275	34	1	stop	on	4	4
0x0276	1B	1	stop	on	3	3
0x0277	1C	1	stop	on	2	2
0x0278	1D	1	stop	on	2	2
0x0279	1D	1	stop	on	2	2
0x027A	51	8	go	on	3	3
0x027B	51	8	go	on	2	2
0x027C	51	8	go	on	3	3
0x027D	51	8	go	on	2	2
0x027E	51	9	stop	on	3	3
0x027F	51	9	stop	on	3	3
0x0280	51	9	stop	on	3	3
0x0281	51	9	stop	on	3	3
0x0282	51	10	stop	on	3	3
0x0283	51	10	stop	on	3	3
0x0284	51	10	stop	on	3	3
0x0285	51	10	stop	on	3	3
0x0286	55	6	stop	on	2	2
0x0287	55	6	stop	on	2	2
0x0288	55	6	stop	on	2	2
0x0289	55	6	stop	on	2	2
0x028A	51	11	stop	on	5	5
0x028B	51	11	stop	on	4	2
0x028C	51	11	stop	on	5	5
0x028D	51	11	stop	on	4	2
0x028E	51	12	stop	on	5	5
0x028F	51	12	stop	on	4	2
0x0290	51	12	stop	on	5	5
0x0291	51	12	stop	on	4	2
0x0292	51	13	stop	on	5	5
0x0293	51	13	stop	on	4	2
0x0294	51	13	stop	on	5	5
0x0295	51	13	stop	on	4	2
0x0296	45	1	stop	on	3	3
0x0297	46	1	stop	on	2	2
0x0298	45	1	stop	on	3	3
0x0299	46	1	stop	on	2	2
0x029A	1E	1	go	on	3	3
0x029B	1F	1	go	on	2	2
0x029C	1E	1	go	on	2	2
0x029D	1F	1	go	on	2	2
0x029E	20	4	go	on	3	3
0x029F	21	4	go	on	2	2
0x02A0	22	4	go	on	2	2
0x02A1	22	4	go	on	2	2
0x02A2	20	5	stop	on	4	2
0x02A3	21	5	stop	on	4	2
0x02A4	22	5	stop	on	4	2
0x02A5	22	5	stop	on	4	2
0x02A6	52	4	stop	on	2	2
0x02A7	52	4	stop	on	2	2
0x02A8	52	4	stop	on	2	2
0x02A9	52	4	stop	on	2	2
0x02AA	5D	4	stop	on	3	3
0x02AB	5D	4	stop	on	2	2
0x02AC	5D	4	stop	on	3	3
0x02AD	5D	4	stop	on	2	2
0x02AE	63	1	stop	off	3	3
0x02AF	63	1	stop	off	2	2
0x02B0	63	1	stop	off	3	3
0x02B1	63	1	stop	off	2	2
0x02B2	7	1	stop	on	2	2
0x02B3	7	1	stop	on	2	2
0x02B4	7	1	stop	on	2	2
0x02B5	7	1	stop	on	2	2
0x02B6	7	2	go	on	2	2
0x02B7	7	2	go	on	2	2
0x02B8	7	2	go	on	2	2
0x02B9	7	2	go	on	2	2
0x02BA	5D	5	stop	on	3	3
0x02BB	5D	5	stop	on	2	2
0x02BC	5D	5	stop	on	3	3
0x02BD	5D	5	stop	on	2	2
0x02BE	5D	6	stop	on	3	3
0x02BF	5D	6	stop	on	2	2
0x02C0	5D	6	stop	on	3	3
0x02C1	5D	6	stop	on	2	2
0x02C2	5D	7	stop	on	3	3
0x02C3	5D	7	stop	on	2	2
0x02C4	5D	7	stop	on	3	3
0x02C5	5D	7	stop	on	2	2
0x02C6	5D	8	stop	on	3	3
0x02C7	5D	8	stop	on	2	2
0x02C8	5D	8	stop	on	3	3
0x02C9	5D	8	stop	on	2	2
0x02CA	43	2	stop	on	10	10
0x02CB	43	2	stop	on	10	10
0x02CC	43	2	stop	on	10	10
0x02CD	43	2	stop	on	10	10
0x02CE	44	1	stop	on	2	2
0x02CF	44	1	stop	on	2	2
0x02D0	44	1	stop	on	2	2
0x02D1	44	1	stop	on	2	2
0x02D2	5D	9	stop	on	3	3
0x02D3	5D	9	stop	on	2	2
0x02D4	5D	9	stop	on	3	3
0x02D5	5D	9	stop	on	2	2
0x02D6	5D	10	stop	on	3	3
0x02D7	5D	10	stop	on	2	2
0x02D8	5D	10	stop	on	3	3
0x02D9	5D	10	stop	on	2	2
0x02DA	5D	11	stop	on	3	3
0x02DB	5D	11	stop	on	2	2
0x02DC	5D	11	stop	on	3	3
0x02DD	5D	11	stop	on	2	2
0x02DE	5D	12	stop	on	3	3
0x02DF	5D	12	stop	on	2	2
0x02E0	5D	12	stop	on	3	3
0x02E1	5D	12	stop	on	2	2
0x02E2	63	2	stop	on	3	3
0x02E3	63	2	stop	on	2	2
0x02E4	63	2	stop	on	3	3
0x02E5	63	2	stop	on	2	2
0x02E6	63	3	stop	on	3	3
0x02E7	63	3	stop	on	2	2
0x02E8	63	3	stop	on	3	3
0x02E9	63	3	stop	on	2	2
0x02EA	42	0	stop	on	2	2
0x02EB	42	0	stop	on	2	2
0x02EC	42	0	stop	on	2	2
0x02ED	42	0	stop	on	2	2
0x02EE	56	0	stop	on	2	2
0x02EF	47	0	stop	on	2	2
0x02F0	42	0	stop	on	2	2
0x02F1	42	0	stop	on	2	2
0x02F2	42	0	stop	on	2	2
0x02F3	42	0	stop	on	2	2
0x02F4	42	0	stop	on	2	2
0x02F5	6	1	go	on	2	2
0x02F6	6	1	go	on	2	2
0x02F7	6	1	go	on	2	2
0x02F8	6	1	go	on	2	2
0x02F9	36	0	stop	on	4	32
0x02FA	36	0	stop	on	4	32
0x02FB	36	0	stop	on	4	32
0x02FC	36	0	stop	on	4	32
0x02FD	2A	0	stop	on	4	32
0x02FE	2A	0	stop	on	4	32
0x02FF	2A	0	stop	on	4	32
0x0300	2A	0	stop	on	4	32
0x0301	13	0	go	on	2	2
0x0302	13	0	go	on	2	2
0x0303	13	0	go	on	2	2
0x0304	13	0	go	on	2	2
0x0305	15	0	go	on	2	2
0x0306	15	0	go	on	2	2
0x0307	15	0	go	on	2	2
0x0308	15	0	go	on	2	2
0x0309	57	6	stop	on	4	2
0x030A	57	6	stop	on	4	2
0x030B	57	6	stop	on	4	2
0x030C	57	6	stop	on	4	2
0x030D	3A	0	stop	on	2	32
0x030E	3A	0	stop	on	2	32
0x030F	3A	0	stop	on	2	32
0x0310	3A	0	stop	on	2	32
0x0311	51	14	go	on	3	3
0x0312	51	14	go	on	3	3
0x0313	51	14	go	on	3	3
0x0314	51	14	go	on	3	3
0x0315	3B	0	stop	on	2	2
0x0316	3B	0	stop	on	2	2
0x0317	3B	0	stop	on	2	2
0x0318	3B	0	stop	on	2	2
0x0319	3B	0	stop	on	2	2
0x031A	3B	0	stop	on	2	2
0x031B	3B	0	stop	on	2	2
0x031C	3F	0	stop	on	2	38
0x031D	3F	0	stop	on	2	38
0x031E	3F	0	stop	on	2	38
0x031F	3F	0	stop	on	2	38
0x0320	43	3	stop	on	2	2
0x0321	43	3	stop	on	2	2
0x0322	43	3	stop	on	2	2
0x0323	43	3	stop	on	2	2
0x0324	43	4	stop	on	2	2
0x0325	43	4	stop	on	2	2
0x0326	43	4	stop	on	2	2
0x0327	43	4	stop	on	2	2
0x0328	58	4	stop	on	44	44
0x0329	58	4	stop	on	44	44
0x032A	58	4	stop	on	44	44
0x032B	58	4	stop	on	44	44
0x032C	1A	2	go	on	2	2
0x032D	1A	2	go	on	2	2
0x032E	1A	2	go	on	2	2
0x032F	1A	2	go	on	2	2
0x0330	1A	3	go	on	2	2
0x0331	1A	3	go	on	2	2
0x0332	1A	3	go	on	2	2
0x0333	1A	3	go	on	2	2
0x0334	1A	4	go	on	2	2
0x0335	1A	4	go	on	2	2
0x0336	1A	4	go	on	2	2
0x0337	1A	4	go	on	2	2
0x0338	55	7	stop	off	4	4
0x0339	55	7	stop	off	4	4
0x033A	55	7	stop	off	4	4
0x033B	55	7	stop	off	4	4
0x033C	55	8	stop	off	4	4
0x033D	55	8	stop	off	4	4
0x033E	55	8	stop	off	4	4
0x033F	55	8	stop	off	4	4
0x0340	5F	2	stop	on	2	2
0x0341	5F	2	stop	on	2	2
0x0342	64	2	stop	on	2	2
0x0343	64	2	stop	on	2	2
0x0344	5F	2	stop	on	0	0
0x0345	52	5	stop	on	4	2
0x0346	52	5	stop	on	4	2
0x0347	52	5	stop	on	4	2
0x0348	52	5	stop	on	4	2
0x0349	52	6	stop	on	4	2
0x034A	52	6	stop	on	4	2
0x034B	52	6	stop	on	4	2
0x034C	52	6	stop	on	4	2
0x034D	52	7	stop	on	4	2
0x034E	52	7	stop	on	4	2
0x034F	52	7	stop	on	4	2
0x0350	52	7	stop	on	4	2
0x0351	52	8	stop	on	4	2
0x0352	52	8	stop	on	4	2
0x0353	52	8	stop	on	4	2
0x0354	52	8	stop	on	4	2
0x0355	53	2	stop	on	4	2
0x0356	53	2	stop	on	4	2
0x0357	53	2	stop	on	4	2
0x0358	53	2	stop	on	4	2
0x0359	53	3	stop	on	3	3
0x035A	53	3	stop	on	3	3
0x035B	53	3	stop	on	3	3
0x035C	53	3	stop	on	3	3
0x035D	53	4	stop	on	3	3
0x035E	53	4	stop	on	3	3
0x035F	53	4	stop	on	3	3
0x0360	53	4	stop	on	3	3
0x0361	53	5	stop	on	3	3
0x0362	53	5	stop	on	3	3
0x0363	53	5	stop	on	3	3
0x0364	53	5	stop	on	3	3
0x0365	5E	1	go	on	14	14
0x0366	5E	1	go	on	14	14
0x0367	5E	1	go	on	14	14
0x0368	5E	1	go	on	14	14
0x0369	5E	2	stop	on	14	14
0x036A	5E	2	stop	on	14	14
0x036B	5E	2	stop	on	14	14
0x036C	5E	2	stop	on	14	14
0x036D	3C	0	stop	on	3	3
0x036E	3C	0	stop	on	3	3
0x036F	3C	0	stop	on	3	3
0x0370	3C	0	stop	on	3	3
0x0371	3D	0	stop	on	2	2
0x0372	3D	0	stop	on	2	2
0x0373	3D	0	stop	on	2	2
0x0374	3D	0	stop	on	2	2
0x0375	3D	0	stop	on	2	2
0x0376	3D	0	stop	on	2	2
0x0377	3D	0	stop	on	2	2
0x0378	63	4	stop	on	4	2
0x0379	63	4	stop	on	4	2
0x037A	63	4	stop	on	4	2
0x037B	63	4	stop	on	4	2
0x037C	2E	0	stop	on	4	32
0x037D	2E	0	stop	on	4	32
0x037E	2E	0	stop	on	4	32
0x037F	2E	0	stop	on	4	32
0x0380	2F	0	stop	on	4	4
0x0381	2F	0	stop	on	4	4
0x0382	2F	0	stop	on	4	4
0x0383	2F	0	stop	on	4	4
0x0384	30	0	stop	off	4	32
0x0385	30	0	stop	off	4	32
0x0386	30	0	stop	on	4	32
0x0387	30	0	stop	on	4	32
0x0388	31	0	stop	on	4	32
0x0389	31	0	stop	on	4	32
0x038A	31	0	stop	on	4	32
0x038B	31	0	stop	on	4	32
0x038C	1E	4	stop	on	4	2
0x038D	1F	4	stop	on	4	2
0x038E	1E	4	stop	on	4	2
0x038F	1F	4	stop	on	4	2
0x0390	32	0	stop	on	2	2
0x0391	32	0	stop	on	2	2
0x0392	32	0	stop	on	2	2
0x0393	32	0	stop	on	2	2
0x0394	59	5	stop	on	3	3
0x0395	59	5	stop	on	3	3
0x0396	59	5	stop	on	3	3
0x0397	59	5	stop	on	3	3
0x0398	35	0	stop	on	4	2
0x0399	35	0	stop	on	4	2
0x039A	35	0	stop	on	4	2
0x039B	35	0	stop	on	4	2
0x039C	37	0	stop	on	4	32
0x039D	37	0	stop	on	4	32
0x039E	37	0	stop	on	4	32
0x039F	37	0	stop	on	4	32
0x03A0	39	0	stop	on	4	4
0x03A1	39	0	stop	on	4	4
0x03A2	39	0	stop	on	4	4
0x03A3	39	0	stop	on	4	4
0x03A4	5D	13	stop	on	3	3
0x03A5	5D	13	stop	on	2	2
0x03A6	5D	13	stop	on	3	3
0x03A7	5D	13	stop	on	2	2
0x03A8	5D	14	stop	on	3	5
0x03A9	5D	14	stop	on	2	4
0x03AA	5D	14	stop	on	3	5
0x03AB	5D	14	stop	on	2	4
0x03AC	5D	15	go	on	15	15
0x03AD	5D	15	go	on	15	15
0x03AE	5D	15	go	on	15	15
0x03AF	5D	15	go	on	15	15
0x03B0	5D	16	stop	on	2	2
0x03B1	5D	16	stop	on	2	2
0x03B2	5D	16	stop	on	2	2
0x03B3	5D	16	stop	on	2	2
0x03B4	5D	17	stop	on	2	2
0x03B5	5D	17	stop	on	2	2
0x03B6	5D	17	stop	on	2	2
0x03B7	5D	17	stop	on	2	2
0x03B8	20	6	stop	on	4	2
0x03B9	21	6	stop	on	4	2
0x03BA	22	6	stop	on	4	2
0x03BB	22	6	stop	on	4	2
0x03BC	20	7	stop	on	4	2
0x03BD	21	7	stop	on	4	2
0x03BE	22	7	stop	on	4	2
0x03BF	22	7	stop	on	4	2
0x03C0	1E	2	stop	on	4	2
0x03C1	1F	2	stop	on	4	2
0x03C2	1E	2	stop	on	3	3
0x03C3	1F	2	stop	on	2	2
0x03C4	58	2	stop	on	2	2
0x03C5	58	2	stop	on	2	2
0x03C6	58	2	stop	on	2	2
0x03C7	58	2	stop	on	2	2
0x03C8	57	3	stop	on	3	3
0x03C9	57	3	stop	on	3	3
0x03CA	57	3	stop	on	3	3
0x03CB	57	3	stop	on	3	3
0x03CC	57	4	stop	on	4	2
0x03CD	57	4	stop	on	4	2
0x03CE	57	4	stop	on	4	2
0x03CF	57	4	stop	on	4	2
0x03D0	5A	4	stop	on	4	2
0x03D1	5A	4	stop	on	4	2
0x03D2	5A	4	stop	on	4	2
0x03D3	5A	4	stop	on	4	2
0x03D4	59	3	stop	on	3	3
0x03D5	59	3	stop	on	2	2
0x03D6	59	3	stop	on	3	3
0x03D7	59	3	stop	on	2	2
0x03D8	59	4	stop	on	2	2
0x03D9	59	4	stop	on	2	2
0x03DA	59	4	stop	on	2	2
0x03DB	59	4	stop	on	2	2
0x03DC	E	4	go	on	2	2
0x03DD	E	4	go	on	2	2
0x03DE	E	4	go	on	2	2
0x03DF	E	4	go	on	2	2
0x03E0	E	5	go	on	2	2
0x03E1	E	5	go	on	2	2
0x03E2	E	5	go	on	2	2
0x03E3	E	5	go	on	2	2
0x03E4	E	6	go	on	2	2
0x03E5	E	6	go	on	2	2
0x03E6	E	6	go	on	2	2
0x03E7	E	6	go	on	2	2
0x03E8	30	1	stop	off	4	32
0x03E9	30	1	stop	off	4	32
0x03EA	30	1	stop	on	4	32
0x03EB	30	1	stop	on	4	32
0x03EC	30	2	stop	off	4	32
0x03ED	30	2	stop	off	4	32
0x03EE	30	2	stop	on	4	32
0x03EF	30	2	stop	on	4	32
0x03F0	6	2	stop	off	2	2
0x03F1	6	2	stop	off	2	2
0x03F2	6	2	stop	off	2	2
0x03F3	6	2	stop	off	2	2
0x03F4	6	3	stop	off	2	2
0x03F5	6	3	stop	off	2	2
0x03F6	6	3	stop	off	2	2
0x03F7	6	3	stop	off	2	2
0x03F8	6	4	stop	on	2	2
0x03F9	6	4	stop	on	2	2
0x03FA	6	4	stop	on	2	2
0x03FB	6	4	stop	on	2	2
0x03FC	62	2	stop	on	4	2
0x03FD	62	2	stop	on	4	2
0x03FE	62	2	stop	on	4	2
0x03FF	62	2	stop	on	4	2
0x0400	4A	0	stop	on	3	3
0x0401	4A	0	stop	on	2	2
0x0402	4A	0	stop	on	3	3
0x0403	4A	0	stop	on	2	2
0x0404	4A	0	stop	on	3	3
0x0405	4A	0	stop	on	3	3
0x0406	4A	0	stop	on	3	3
0x0407	2	1	go	on	2	2
0x0408	2	1	go	on	2	2
0x0409	2	1	go	on	2	2
0x040A	2	1	go	on	2	2
0x040B	12	0	go	off	2	2
0x040C	12	0	go	off	2	2
0x040D	12	0	go	off	2	2
0x040E	12	0	go	off	2	2
0x040F	11	0	go	off	2	2
0x0410	11	0	go	off	2	2
0x0411	11	0	go	off	2	2
0x0412	11	0	go	off	2	2
0x0413	18	0	go	on	2	2
0x0414	18	0	go	on	2	2
0x0415	18	0	go	on	2	2
0x0416	18	0	go	on	2	2
0x0417	16	0	go	on	2	2
0x0418	16	0	go	on	2	2
0x0419	16	0	go	on	2	2
0x041A	16	0	go	on	2	2
0x041B	A	0	stop	on	2	2
0x041C	A	0	stop	on	2	2
0x041D	A	0	stop	on	2	2
0x041E	A	0	stop	on	2	2
0x041F	19	0	go	on	2	2
0x0420	19	0	go	on	2	2
0x0421	19	0	go	on	2	2
0x0422	19	0	go	on	2	2
0x0423	5	1	go	on	3	2
0x0424	5	1	go	on	2	2
0x0425	5	1	go	on	3	2
0x0426	5	1	go	on	2	2
0x0427	A	1	go	on	2	2
0x0428	A	1	go	on	2	2
0x0429	A	1	go	on	2	2
0x042A	A	1	go	on	2	2
0x042B	A	2	stop	on	2	2
0x042C	A	2	stop	on	2	2
0x042D	A	2	stop	on	2	2
0x042E	A	2	stop	on	2	2
0x042F	63	5	stop	on	4	2
0x0430	63	5	stop	on	4	2
0x0431	63	5	stop	on	4	2
0x0432	63	5	stop	on	4	2
0x0433	28	0	stop	on	4	4
0x0434	28	0	stop	on	4	4
0x0435	28	0	stop	on	4	4
0x0436	28	0	stop	on	4	4
0x0437	29	0	stop	on	4	4
0x0438	29	0	stop	on	4	4
0x0439	29	0	stop	on	4	4
0x043A	29	0	stop	on	4	4
0x043B	2B	0	stop	on	4	32
0x043C	2B	0	stop	on	4	32
0x043D	2B	0	stop	on	4	32
0x043E	2B	0	stop	on	4	32
0x043F	1A	0	go	on	2	2
0x0440	1A	0	go	on	2	2
0x0441	1A	0	go	on	2	2
0x0442	1A	0	go	on	2	2
0x0443	55	9	stop	off	4	4
0x0444	55	9	stop	off	4	4
0x0445	55	9	stop	off	4	4
0x0446	55	9	stop	off	4	4
0x0447	55	10	stop	off	4	4
0x0448	55	10	stop	off	4	4
0x0449	55	10	stop	off	4	4
0x044A	55	10	stop	off	4	4
0x044B	52	9	stop	on	4	4
0x044C	52	9	stop	on	4	4
0x044D	52	9	stop	on	4	4
0x044E	52	9	stop	on	4	4
0x044F	48	0	stop	on	2	38
0x0450	48	0	stop	on	2	38
0x0451	48	0	stop	on	2	38
0x0452	48	0	stop	on	2	38
0x0453	48	1	stop	on	4	32
0x0454	48	1	stop	on	4	32
0x0455	48	1	stop	on	4	32
0x0456	48	1	stop	on	4	32
0x0457	55	11	stop	on	4	2
0x0458	55	11	stop	on	4	2
0x0459	55	11	stop	on	4	2
0x045A	55	11	stop	on	4	2
0x045B	60	4	stop	on	2	2
0x045C	60	4	stop	on	2	2
0x045D	60	4	stop	on	2	2
0x045E	60	4	stop	on	2	2
0x045F	49	0	stop	on	2	32
0x0460	49	0	stop	on	2	32
0x0461	49	0	stop	on	2	32
0x0462	49	0	stop	on	2	32
0x0463	52	10	stop	on	4	2
0x0464	52	10	stop	on	4	2
0x0465	52	10	stop	on	4	2
0x0466	52	10	stop	on	4	2
0x0467	D	0	stop	on	4	2
0x0468	D	0	stop	on	4	2
0x0469	D	0	stop	on	4	2
0x046A	D	0	stop	on	4	2
0x046B	D	0	stop	on	4	2
0x046C	D	0	stop	on	4	2
0x046D	D	0	stop	on	4	2
0x046E	D	0	stop	on	4	2
0x046F	D	0	stop	on	4	2
0x0470	D	0	stop	on	4	2
0x0471	D	0	stop	on	4	2
0x0472	23	1	stop	on	4	2
0x0473	24	1	stop	on	4	2
0x0474	25	1	stop	on	4	2
0x0475	25	1	stop	on	4	2
0x0476	51	15	stop	on	5	5
0x0477	51	15	stop	on	4	2
0x0478	51	15	stop	on	5	5
0x0479	51	15	stop	on	4	2
0x047A	60	5	stop	on	4	2
0x047B	60	5	stop	on	4	2
0x047C	60	5	stop	on	4	2
0x047D	60	5	stop	on	4	2
0x047E	5F	4	stop	on	3	3
0x047F	5F	4	stop	on	2	2
0x0480	64	4	stop	on	2	2
0x0481	64	4	stop	on	2	2
0x0482	61	3	stop	on	2	2
0x0483	61	3	stop	on	2	2
0x0484	61	3	stop	on	2	2
0x0485	61	3	stop	on	2	2
0x0486	C	0	stop	on	2	2
0x0487	C	0	stop	on	2	2
0x0488	C	0	stop	on	2	2
0x0489	C	0	stop	on	2	2
0x048A	C	1	stop	on	2	2
0x048B	C	1	stop	on	2	2
0x048C	C	1	stop	on	2	2
0x048D	C	1	stop	on	2	2
0x048E	C	2	stop	on	2	2
0x048F	C	2	stop	on	2	2
0x0490	C	2	stop	on	2	2
0x0491	C	2	stop	on	2	2
0x0492	C	3	stop	on	2	2
0x0493	C	3	stop	on	2	2
0x0494	C	3	stop	on	2	2
0x0495	C	3	stop	on	2	2
0x0496	C	4	stop	on	2	2
0x0497	C	4	stop	on	2	2
0x0498	C	4	stop	on	2	2
0x0499	C	4	stop	on	2	2
0x049A	C	5	stop	on	2	2
0x049B	C	5	stop	on	2	2
0x049C	C	5	stop	on	2	2
0x049D	C	5	stop	on	2	2
0x049E	C	6	stop	on	2	2
0x049F	C	6	stop	on	2	2
0x04A0	C	6	stop	on	2	2
0x04A1	C	6	stop	on	2	2
0x04A2	C	7	stop	on	2	2
0x04A3	C	7	stop	on	2	2
0x04A4	C	7	stop	on	2	2
0x04A5	C	7	stop	on	2	2
0x04A6	C	8	stop	on	2	2
0x04A7	C	8	stop	on	2	2
0x04A8	C	8	stop	on	2	2
0x04A9	C	8	stop	on	2	2
0x04AA	C	9	stop	on	2	2
0x04AB	C	9	stop	on	2	2
0x04AC	C	9	stop	on	2	2
0x04AD	C	9	stop	on	2	2
0x04AE	C	10	stop	on	2	2
0x04AF	C	10	stop	on	2	2
0x04B0	C	10	stop	on	2	2
0x04B1	C	10	stop	on	2	2
0x04B2	C	11	stop	on	2	2
0x04B3	C	11	stop	on	2	2
0x04B4	C	11	stop	on	2	2
0x04B5	C	11	stop	on	2	2
0x04B6	E	7	go	on	2	2
0x04B7	E	7	go	on	2	2
0x04B8	E	7	go	on	2	2
0x04B9	E	7	go	on	2	2
0x04BA	1A	1	go	on	2	2
0x04BB	1A	1	go	on	2	2
0x04BC	1A	1	go	on	2	2
0x04BD	1A	1	go	on	2	2
0x04BE	3B	1	stop	on	2	2
0x04BF	3B	1	stop	on	2	2
0x04C0	3B	1	stop	on	2	2
0x04C1	3B	1	stop	on	2	2
0x04C2	3B	2	stop	on	2	2
0x04C3	3B	2	stop	on	2	2
0x04C4	3B	2	stop	on	2	2
0x04C5	3B	2	stop	on	2	2
0x04C6	5B	4	stop	on	2	2
0x04C7	5B	4	stop	on	2	2
0x04C8	5B	4	stop	on	2	2
0x04C9	5B	4	stop	on	2	2
0x04CA	63	6	stop	off	2	38
0x04CB	63	6	stop	off	2	38
0x04CC	63	6	stop	off	2	38
0x04CD	63	6	stop	off	2	38
0x04CE	63	7	stop	off	46	46
0x04CF	63	7	stop	off	46	46
0x04D0	63	7	stop	off	46	46
0x04D1	63	7	stop	off	46	46
0x04D2	5B	5	stop	on	2	2
0x04D3	5B	5	stop	on	2	2
0x04D4	5B	5	stop	on	2	2
0x04D5	5B	5	stop	on	2	2
0x04D6	5B	6	stop	on	44	44
0x04D7	5B	6	stop	on	44	44
0x04D8	5B	6	stop	on	44	44
0x04D9	5B	6	stop	on	44	44
0x04DA	5B	7	stop	on	44	44
0x04DB	5B	7	stop	on	44	44
0x04DC	5B	7	stop	on	44	44
0x04DD	5B	7	stop	on	44	44
0x04DE	5B	8	stop	off	2	2
0x04DF	5B	8	stop	off	2	2
0x04E0	5B	8	stop	off	2	2
0x04E1	5B	8	stop	off	2	2
0x04E2	62	3	stop	on	44	44
0x04E3	62	3	stop	on	44	44
0x04E4	62	3	stop	on	44	44
0x04E5	62	3	stop	on	44	44
0x04E6	57	5	stop	on	2	2
0x04E7	57	5	stop	on	2	2
0x04E8	57	5	stop	on	2	2
0x04E9	57	5	stop	on	2	2
0x04EA	7	3	stop	on	2	2
0x04EB	7	3	stop	on	2	2
0x04EC	7	3	stop	on	2	2
0x04ED	7	3	stop	on	2	2
0x04EE	52	11	stop	on	4	2
0x04EF	52	11	stop	on	4	2
0x04F0	52	11	stop	on	4	2
0x04F1	52	11	stop	on	4	2
0x04F2	3B	3	stop	on	2	2
0x04F3	3B	3	stop	on	2	2
0x04F4	3B	3	stop	on	2	2
0x04F5	3B	3	stop	on	2	2
0x04F6	61	4	stop	on	2	2
0x04F7	61	4	stop	on	2	2
0x04F8	61	4	stop	on	2	2
0x04F9	61	4	stop	on	2	2
0x04FA	5F	3	stop	on	3	3
0x04FB	5F	3	stop	on	2	2
0x04FC	64	3	stop	on	2	2
0x04FD	64	3	stop	on	2	2
0x04FE	5F	3	stop	on	0	0
0x04FF	52	12	stop	on	4	2
0x0500	52	12	stop	on	4	2
0x0501	52	12	stop	on	4	2
0x0502	52	12	stop	on	4	2
0x0503	48	2	go	on	4	32
0x0504	48	2	go	on	4	32
0x0505	48	2	go	on	4	32
0x0506	48	2	go	on	4	32
0x0507	4B	0	stop	on	4	32
0x0508	4B	0	stop	on	4	32
0x0509	4B	0	stop	on	4	32
0x050A	4B	0	stop	on	4	32
0x050B	53	6	stop	on	3	3
0x050C	53	6	stop	on	3	3
0x050D	53	6	stop	on	3	3
0x050E	53	6	stop	on	3	3
0x050F	51	16	stop	on	11	11
0x0510	51	16	stop	on	11	11
0x0511	51	16	stop	on	11	11
0x0512	51	16	stop	on	11	11
0x0513	52	13	stop	on	3	3
0x0514	52	13	stop	on	2	2
0x0515	52	13	stop	on	3	3
0x0516	52	13	stop	on	2	2
0x0517	4F	0	stop	on	3	3
0x0518	4F	0	stop	on	3	3
0x0519	4F	0	stop	on	3	3
0x051A	4F	0	stop	on	3	3
0x051B	4F	0	stop	on	3	3
0x051C	1A	6	go	on	2	2
0x051D	1A	6	go	on	2	2
0x051E	1A	6	go	on	2	2
0x051F	1A	6	go	on	2	2
0x0520	66	0	stop	on	2	2
0x0521	66	0	stop	on	2	2
0x0522	66	0	stop	on	2	2
0x0523	66	0	stop	on	2	2
0x0524	1A	7	go	on	2	2
0x0525	1A	7	go	on	2	2
0x0526	1A	7	go	on	2	2
0x0527	1A	7	go	on	2	2
0x0528	32	1	stop	on	2	2
0x0529	32	1	stop	on	2	2
0x052A	32	1	stop	on	2	2
0x052B	32	1	stop	on	2	2
0x052C	2C	1	stop	on	4	32
0x052D	2C	1	stop	on	4	32
0x052E	2C	1	stop	on	4	32
0x052F	2C	1	stop	on	4	32
0x0530	33	0	stop	on	4	32
0x0531	33	0	stop	on	4	32
0x0532	33	0	stop	on	4	32
0x0533	33	0	stop	on	4	32
0x0534	D	1	stop	off	4	2
0x0535	D	1	stop	off	4	2
0x0536	D	1	stop	off	4	2
0x0537	D	1	stop	off	4	2
0x0538	D	2	stop	on	4	2
0x0539	D	2	stop	on	4	2
0x053A	D	2	stop	on	4	2
0x053B	D	2	stop	on	4	2
0x053C	D	3	stop	on	4	2
0x053D	D	3	stop	on	4	2
0x053E	D	3	stop	on	4	2
0x053F	D	3	stop	on	4	2
0x0540	D	4	stop	on	4	2
0x0541	D	4	stop	on	4	2
0x0542	D	4	stop	on	4	2
0x0543	D	4	stop	on	4	2
0x0544	D	5	stop	on	4	2
0x0545	D	5	stop	on	4	2
0x0546	D	5	stop	on	4	2
0x0547	D	5	stop	on	4	2
0x0548	D	6	stop	on	4	2
0x0549	D	6	stop	on	4	2
0x054A	D	6	stop	on	4	2
0x054B	D	6	stop	on	4	2
0x054C	D	7	stop	on	4	2
0x054D	D	7	stop	on	4	2
0x054E	D	7	stop	on	4	2
0x054F	D	7	stop	on	4	2
0x0550	50	0	stop	on	4	32
0x0551	50	0	stop	on	4	32
0x0552	50	0	stop	on	4	32
0x0553	50	0	stop	on	4	32
0x0554	52	14	stop	on	3	3
0x0555	52	14	stop	on	2	2
0x0556	52	14	stop	on	3	3
0x0557	52	14	stop	on	2	2
0x0558	63	8	stop	off	32	32
0x0559	63	8	stop	off	32	32
0x055A	63	8	stop	off	32	32
0x055B	63	8	stop	off	32	32
0x055C	63	9	stop	off	2	2
0x055D	63	9	stop	off	2	2
0x055E	63	9	stop	off	2	2
0x055F	63	9	stop	off	2	2
0x0560	57	7	stop	on	44	44
0x0561	57	7	stop	on	44	44
0x0562	57	7	stop	on	44	44
0x0563	57	7	stop	on	44	44
0x0564	61	5	stop	on	2	2
0x0565	61	5	stop	on	2	2
0x0566	61	5	stop	on	2	2
0x0567	61	5	stop	on	2	2
0x0568	53	7	stop	on	3	3
0x0569	53	7	stop	on	3	3
0x056A	53	7	stop	on	3	3
0x056B	53	7	stop	on	3	3
0x056C	F	0	go	on	2	2
0x056D	F	0	go	on	2	2
0x056E	F	0	go	on	2	2
0x056F	F	0	go	on	2	2
0x0570	C	12	stop	on	2	2
0x0571	C	12	stop	on	2	2
0x0572	C	12	stop	on	2	2
0x0573	C	12	stop	on	2	2
0x0574	41	1	stop	on	2	2
0x0575	41	1	stop	on	2	2
0x0576	41	1	stop	on	2	2
0x0577	41	1	stop	on	2	2
0x0578	3D	1	stop	on	4	4
0x0579	3D	1	stop	on	4	4
0x057A	3D	1	stop	on	4	4
0x057B	3D	1	stop	on	4	4
0x057C	5C	7	stop	on	3	3
0x057D	5C	7	stop	on	2	2
0x057E	5C	7	stop	on	3	3
0x057F	5C	7	stop	on	2	2
0x0580	53	8	stop	on	3	3
0x0581	53	8	stop	on	3	3
0x0582	53	8	stop	on	3	3
0x0583	53	8	stop	on	3	3
0x0584	3	2	stop	on	2	2
0x0585	3	2	stop	on	2	2
0x0586	3	2	stop	on	2	2
0x0587	3	2	stop	on	2	2
0x0588	3D	2	stop	on	2	2
0x0589	3D	2	stop	on	2	2
0x058A	3D	2	stop	on	2	2
0x058B	3D	2	stop	on	2	2
0x058C	43	5	stop	on	2	2
0x058D	43	5	stop	on	2	2
0x058E	43	5	stop	on	2	2
0x058F	43	5	stop	on	2	2
0x0590	43	6	stop	on	2	2
0x0591	43	6	stop	on	2	2
0x0592	43	6	stop	on	2	2
0x0593	43	6	stop	on	2	2
0x0594	51	17	stop	on	3	3
0x0595	51	17	stop	on	2	2
0x0596	51	17	stop	on	3	3
0x0597	51	17	stop	on	2	2
0x0598	3E	1	stop	on	2	2
0x0599	3E	1	stop	on	2	2
0x059A	3E	1	stop	on	2	2
0x059B	3E	1	stop	on	2	2
0x059C	3E	2	stop	on	2	2
0x059D	3E	2	stop	on	2	2
0x059E	3E	2	stop	on	2	2
0x059F	3E	2	stop	on	2	2
0x05A0	3E	3	stop	on	2	2
0x05A1	3E	3	stop	on	2	2
0x05A2	3E	3	stop	on	2	2
0x05A3	3E	3	stop	on	2	2
0x05A4	3E	4	stop	on	2	2
0x05A5	3E	4	stop	on	2	2
0x05A6	3E	4	stop	on	2	2
0x05A7	3E	4	stop	on	2	2
0x05A8	3E	5	stop	on	2	3
0x05A9	3E	5	stop	on	2	3
0x05AA	3E	5	stop	on	2	3
0x05AB	3E	5	stop	on	2	3
0x05AC	3E	6	stop	on	2	2
0x05AD	3E	6	stop	on	2	2
0x05AE	3E	6	stop	on	2	2
0x05AF	3E	6	stop	on	2	2
0x05B0	3E	7	stop	on	2	2
0x05B1	3E	7	stop	on	2	2
0x05B2	3E	7	stop	on	2	2
0x05B3	3E	7	stop	on	2	2
0x05B4	3E	8	stop	on	2	2
0x05B5	3E	8	stop	on	2	2
0x05B6	3E	8	stop	on	2	2
0x05B7	3E	8	stop	on	2	2
0x05B8	3E	9	stop	on	2	2
0x05B9	3E	9	stop	on	2	2
0x05BA	3E	9	stop	on	2	2
0x05BB	3E	9	stop	on	2	2
0x05BC	3E	10	stop	on	2	2
0x05BD	3E	10	stop	on	2	2
0x05BE	3E	10	stop	on	2	2
0x05BF	3E	10	stop	on	2	2
0x05C0	3E	11	stop	on	2	2
0x05C1	3E	11	stop	on	2	2
0x05C2	3E	11	stop	on	2	2
0x05C3	3E	11	stop	on	2	2
0x05C4	3E	12	stop	on	2	2
0x05C5	3E	12	stop	on	2	2
0x05C6	3E	12	stop	on	2	2
0x05C7	3E	12	stop	on	2	2
0x05C8	37	1	stop	on	4	32
0x05C9	37	1	stop	on	4	32
0x05CA	37	1	stop	on	4	32
0x05CB	37	1	stop	on	4	32
0x05CC	8	1	stop	on	4	4
0x05CD	8	1	stop	on	4	4
0x05CE	8	1	stop	on	4	4
0x05CF	8	1	stop	on	4	4
0x05D0	4C	1	stop	on	4	32
0x05D1	4C	1	stop	on	4	32
0x05D2	4C	1	stop	on	4	32
0x05D3	4C	1	stop	on	4	32
0x05D4	63	10	stop	on	4	2
0x05D5	63	10	stop	on	4	2
0x05D6	63	10	stop	on	4	2
0x05D7	63	10	stop	on	4	2
0x05D8	9	1	stop	on	2	2
0x05D9	9	1	stop	on	2	2
0x05DA	9	1	stop	on	2	2
0x05DB	9	1	stop	on	2	2
0x05DC	52	15	stop	on	3	3
0x05DD	52	15	stop	on	2	2
0x05DE	52	15	stop	on	3	3
0x05DF	52	15	stop	on	2	2
0x05E0	5B	9	stop	off	2	2
0x05E1	5B	9	stop	off	2	2
0x05E2	5B	9	stop	off	2	2
0x05E3	5B	9	stop	off	2	2
0x05E4	4C	2	stop	on	4	32
0x05E5	4C	2	stop	on	4	32
0x05E6	4C	2	stop	on	4	32
0x05E7	4C	2	stop	on	4	32
0x05E8	55	12	stop	on	4	2
0x05E9	55	12	stop	on	4	2
0x05EA	55	12	stop	on	4	2
0x05EB	55	12	stop	on	4	2
0x05EC	17	2	go	on	2	2
0x05ED	17	2	go	on	2	2
0x05EE	17	2	go	on	2	2
0x05EF	17	2	go	on	2	2
0x05F0	4A	1	stop	off	3	3
0x05F1	4A	1	stop	off	2	2
0x05F2	4A	1	stop	off	3	3
0x05F3	4A	1	stop	off	2	2
0x05F4	43	7	stop	on	2	2
0x05F5	43	7	stop	on	2	2
0x05F6	43	7	stop	on	2	2
0x05F7	43	7	stop	on	2	2
0x05F8	5D	18	stop	on	2	2
0x05F9	5D	18	stop	on	2	2
0x05FA	5D	18	stop	on	2	2
0x05FB	5D	18	stop	on	2	2
0x05FC	3E	13	stop	on	2	2
0x05FD	3E	13	stop	on	2	2
0x05FE	3E	13	stop	on	2	2
0x05FF	3E	13	stop	on	2	2
0x0600	56	2	stop	on	18	18
0x0601	56	2	stop	on	2	2
0x0602	56	2	stop	on	18	18
0x0603	56	2	stop	on	2	2
0x0604	57	8	stop	on	2	2
0x0605	57	8	stop	on	2	2
0x0606	57	8	stop	on	2	2
0x0607	57	8	stop	on	2	2
0x0608	56	3	stop	on	3	3
0x0609	56	3	stop	on	3	3
0x060A	56	3	stop	on	3	3
0x060B	56	3	stop	on	3	3
0x060C	57	9	stop	on	3	3
0x060D	57	9	stop	on	3	3
0x060E	57	9	stop	on	3	3
0x060F	57	9	stop	on	3	3
0x0610	5C	8	stop	on	3	3
0x0611	5C	8	stop	on	3	3
0x0612	5C	8	stop	on	3	3
0x0613	5C	8	stop	on	3	3
